<?xml version="1.0" encoding="UTF-8"?>
<DocSetNodes version="1.0">
    <TOC>
        <Node type="folder">
            <Name>Splitforce</Name>
            <Path>index.html</Path>
			<Subnodes>
                
				
				<Node type="folder">
					<Name>Classes</Name>
					<Path>index.html</Path>
					<Subnodes>
						<NodeRef refid="1"/>
						<NodeRef refid="2"/>
						<NodeRef refid="3"/>
						<NodeRef refid="4"/>
						
					</Subnodes>
				</Node>
				
				
				
			</Subnodes>
        </Node>
    </TOC>
	<Library>
		
		<Node id="1">
			<Name>AriseAB</Name>
			<Path>Classes/AriseAB.html</Path>
		</Node>
		<Node id="2">
			<Name>SFManager</Name>
			<Path>Classes/SFManager.html</Path>
		</Node>
		<Node id="3">
			<Name>SFUtils</Name>
			<Path>Classes/SFUtils.html</Path>
		</Node>
		<Node id="4">
			<Name>SFVariation</Name>
			<Path>Classes/SFVariation.html</Path>
		</Node>
		
		
		
	</Library>
</DocSetNodes>